{
  "epochs": [
    1,
    2,
    3,
    4,
    5,
    6,
    7,
    8,
    9,
    10
  ],
  "train_losses": [
    6.997889357142978,
    5.898406653934055,
    5.665037690268623,
    5.437949371337891,
    5.213838322957357,
    5.004645538330078,
    4.8163597636752655,
    4.642223053508335,
    4.484389204449124,
    4.341002670923869
  ],
  "test_losses": [
    5.998418076833089,
    5.819952233632406,
    5.651605447133382,
    5.493100187513563,
    5.347231843736437,
    5.236094824473063,
    5.1473602400885685,
    5.075070508321127,
    5.024919244978163,
    4.987206098768446
  ]
}